{
  "base_k32": {
    "n_prompts": 48,
    "n_completions": 192,
    "finish": {
      "stop": 144,
      "length": 48
    },
    "error_rate": 0.0,
    "trunc_rate_all": 0.25,
    "metrics": {
      "reward_std": {
        "clean": {
          "dist": {
            "n": 48,
            "mean": 0.049670808034127774,
            "median": 0.0,
            "std": 0.19580561360298912,
            "p10": 0.0,
            "p90": 0.0,
            "min": 0.0,
            "max": 0.9238578680203046
          },
          "boot": [
            0.049670808034127774,
            0.0,
            0.11109390638527382
          ]
        },
        "all": {
          "dist": {
            "n": 48,
            "mean": 0.049670808034127774,
            "median": 0.0,
            "std": 0.19580561360298912,
            "p10": 0.0,
            "p90": 0.0,
            "min": 0.0,
            "max": 0.9238578680203046
          },
          "boot": [
            0.049670808034127774,
            0.0,
            0.11051834626820399
          ]
        }
      },
      "passk_gap": {
        "clean": {
          "dist": {
            "n": 48,
            "mean": 0.05525917313410198,
            "median": 0.0,
            "std": 0.22911931081580894,
            "p10": 0.0,
            "p90": 0.0,
            "min": 0.0,
            "max": 1.1209386281588447
          },
          "boot": [
            0.05525917313410198,
            0.0,
            0.12531783739402977
          ]
        },
        "all": {
          "dist": {
            "n": 48,
            "mean": 0.05525917313410198,
            "median": 0.0,
            "std": 0.22911931081580894,
            "p10": 0.0,
            "p90": 0.0,
            "min": 0.0,
            "max": 1.1209386281588447
          },
          "boot": [
            0.05525917313410198,
            0.0,
            0.12531783739402977
          ]
        }
      },
      "len_cv": {
        "clean": {
          "dist": {
            "n": 48,
            "mean": 0.35855028191476884,
            "median": 0.35168297977992147,
            "std": 0.26391489719609507,
            "p10": 0.03856553298970987,
            "p90": 0.7120521095468846,
            "min": 0.0,
            "max": 1.0824134005159847
          },
          "boot": [
            0.35855028191476884,
            0.28758925749238634,
            0.43356307568501695
          ]
        },
        "all": {
          "dist": {
            "n": 48,
            "mean": 0.35855028191476884,
            "median": 0.35168297977992147,
            "std": 0.26391489719609507,
            "p10": 0.03856553298970987,
            "p90": 0.7120521095468846,
            "min": 0.0,
            "max": 1.0824134005159847
          },
          "boot": [
            0.35855028191476884,
            0.2854770042606679,
            0.4337898832192395
          ]
        }
      },
      "valid_frac": {
        "clean": {
          "dist": {
            "n": 48,
            "mean": 0.026041666666666668,
            "median": 0.0,
            "std": 0.11804686381576425,
            "p10": 0.0,
            "p90": 0.0,
            "min": 0.0,
            "max": 0.75
          },
          "boot": [
            0.026041666666666668,
            0.0,
            0.06770833333333333
          ]
        },
        "all": {
          "dist": {
            "n": 48,
            "mean": 0.026041666666666668,
            "median": 0.0,
            "std": 0.11804686381576425,
            "p10": 0.0,
            "p90": 0.0,
            "min": 0.0,
            "max": 0.75
          },
          "boot": [
            0.026041666666666668,
            0.0,
            0.0625
          ]
        }
      },
      "trunc_frac": {
        "clean": {
          "dist": {
            "n": 48,
            "mean": 0.25,
            "median": 0.0,
            "std": 0.3381740707500496,
            "p10": 0.0,
            "p90": 0.75,
            "min": 0.0,
            "max": 1.0
          },
          "boot": [
            0.25,
            0.16145833333333334,
            0.3489583333333333
          ]
        },
        "all": {
          "dist": {
            "n": 48,
            "mean": 0.25,
            "median": 0.0,
            "std": 0.3381740707500496,
            "p10": 0.0,
            "p90": 0.75,
            "min": 0.0,
            "max": 1.0
          },
          "boot": [
            0.25,
            0.15625,
            0.3489583333333333
          ]
        }
      },
      "success_frac": {
        "clean": {
          "dist": {
            "n": 1,
            "mean": 0.75,
            "median": 0.75,
            "std": 0.0,
            "p10": 0.75,
            "p90": 0.75,
            "min": 0.75,
            "max": 0.75
          },
          "boot": null
        },
        "all": {
          "dist": {
            "n": 1,
            "mean": 0.75,
            "median": 0.75,
            "std": 0.0,
            "p10": 0.75,
            "p90": 0.75,
            "min": 0.75,
            "max": 0.75
          },
          "boot": null
        }
      },
      "valid_repro": {
        "clean": {
          "dist": {
            "n": 3,
            "mean": 0.4166666666666667,
            "median": 0.25,
            "std": 0.2886751345948129,
            "p10": 0.25,
            "p90": 0.65,
            "min": 0.25,
            "max": 0.75
          },
          "boot": [
            0.4166666666666667,
            0.25,
            0.75
          ]
        },
        "all": {
          "dist": {
            "n": 3,
            "mean": 0.4166666666666667,
            "median": 0.25,
            "std": 0.2886751345948129,
            "p10": 0.25,
            "p90": 0.65,
            "min": 0.25,
            "max": 0.75
          },
          "boot": [
            0.4166666666666667,
            0.25,
            0.75
          ]
        }
      }
    },
    "valid_rate_clean": {
      "rate": 0.026041666666666668,
      "ci": [
        0.0,
        0.06263020833333144
      ],
      "numer": 5,
      "denom": 192
    },
    "success_rate_clean": {
      "rate": 0.015625,
      "ci": [
        0.0,
        0.046875
      ],
      "numer": 3,
      "denom": 192
    }
  },
  "patch_k32": {
    "n_prompts": 48,
    "n_completions": 192,
    "finish": {
      "length": 37,
      "stop": 127,
      "error": 28
    },
    "error_rate": 0.14583333333333334,
    "trunc_rate_all": 0.19270833333333334,
    "metrics": {
      "reward_std": {
        "clean": {
          "dist": {
            "n": 41,
            "mean": 0.17527503208761458,
            "median": 0.0,
            "std": 0.3668001169402535,
            "p10": 0.0,
            "p90": 0.9260862712396696,
            "min": 0.0,
            "max": 1.1547005383792515
          },
          "boot": [
            0.17527503208761458,
            0.07064327420037933,
            0.29318311931058
          ]
        },
        "all": {
          "dist": {
            "n": 48,
            "mean": 0.14971408990817078,
            "median": 0.0,
            "std": 0.34411097371570143,
            "p10": 0.0,
            "p90": 0.8793484148676382,
            "min": 0.0,
            "max": 1.1547005383792515
          },
          "boot": [
            0.14971408990817078,
            0.05986117392431398,
            0.2503305607878165
          ]
        }
      },
      "passk_gap": {
        "clean": {
          "dist": {
            "n": 41,
            "mean": 0.18012004700004097,
            "median": 0.0,
            "std": 0.39635373881530406,
            "p10": 0.0,
            "p90": 0.8981288341039181,
            "min": 0.0,
            "max": 1.4966887417218544
          },
          "boot": [
            0.18012004700004097,
            0.0685215448873231,
            0.3092563926585456
          ]
        },
        "all": {
          "dist": {
            "n": 48,
            "mean": 0.15385254014586833,
            "median": 0.0,